, Yayik Ayran 20 X250 ml,Karton,20,Yayik Ayran
, Joghurt DEV 10KG Eimer,Eimer,1,Yayik Ayran
, Joghurt griechische Art 5 kg.,Eimer,1,Yayik Ayran
, Uludag 24 X 0.33L,Karton,24,Yayik Ayran
, Uludag 24 X 0.5L,Karton,24,Yayik Ayran
, Fanta Exotic 0.33,Karton,24,Yayik Ayran;HAMBERGER
, Fanta 24 X 0.331,Karton,24,Yayik Ayran;HAMBERGER
, Mezzo Mix 24 X 0.33l,Karton,24,Yayik Ayran;HAMBERGER
, Coca cola 24 X 0.33 Dosen,Karton,24,Yayik Ayran;HAMBERGER
, Coca cola Zero 0.33 Dose,Karton,24,Yayik Ayran;HAMBERGER
, Sprite 24x0.33l,Karton,24,Yayik Ayran;HAMBERGER
, Hayat Wasser 0.5 l,Packung,24,Yayik Ayran
, Nurhak Dürüm,Karton,,Yayik Ayran
, Serviette 5kg,Karton,,Yayik Ayran
, Express Pul Biber 5kg,Eimer,1,Yayik Ayran
, Alufolie 1100gr 14my,Karton,4,Yayik Ayran
, Express Paprika Edelsüß 1kg,Packung,1,Yayik Ayran
, Döner-Box 26 oz 50 Stück,Karton,50,Yayik Ayran
, Döner-Box 16 oz 50 Stück,Karton,50,Yayik Ayran
, HP 4/3 3 Teilig WEISS 125 stück,Karton,125,Yayik Ayran
, HP 4/2 2 Teilig WEISS 100 stück,Karton,100,Yayik Ayran
, Express Pfeffer Schwarz 1 kg,Stück,1,Yayik Ayran
, Express Minze getrocknet 1 kg,Stück,1,Yayik Ayran
, Dönertüten 16 X 16cm,Karton,16,Yayik Ayran
, Salatschale eckig 500ml 100 St.,Karton,100,Yayik Ayran
, Salatschale mt Deckel 1250cc Karton 25St.,Karton,25,Yayik Ayran
, Salatschale mt Deckel 750cc Karton 50St.,Karton,50,Yayik Ayran
